Metric,Hits@1,Hits@3,Hits@10,Hits@100,MRR,mrr_hit1,mrr_hit3,mrr_hit10,mrr_hit100,AUC,AP,acc
gae,0.1597,0.3118,0.4715,0.9163,0.2751,0.1597,0.3118,0.4715,0.9163,0.8765,0.8893,0.81369
cora_i1s63dth_gae,0.1369,0.1863,0.4068,0.9202,0.2274,0.1369,0.1863,0.4068,0.9202,0.881,0.8859,0.82129
cora_8icexiee_gae,0.1179,0.251,0.4943,0.9202,0.243,0.1179,0.251,0.4943,0.9202,0.8862,0.8955,0.8251
cora_41yr056j_gae,0.0646,0.289,0.3916,0.9125,0.2134,0.0646,0.289,0.3916,0.9125,0.8795,0.884,0.80989
cora_t54zyjcp_gae,0.1369,0.1521,0.251,0.8935,0.1907,0.1369,0.1521,0.251,0.8935,0.8499,0.8524,0.80798
cora_q34rxvck_gae,0.0989,0.2243,0.5095,0.8935,0.2186,0.0989,0.2243,0.5095,0.8935,0.8455,0.8669,0.78517
cora_85vdnpj3_gae,0.2776,0.346,0.5856,0.9202,0.3574,0.2776,0.346,0.5856,0.9202,0.8928,0.9094,0.8289
cora_xpsnwv58_gae,0.0684,0.1901,0.3992,0.924,0.1876,0.0684,0.1901,0.3992,0.924,0.8819,0.8825,0.79848
Best,0.2776,0.346,0.5856,0.924,0.3574,0.2776,0.346,0.5856,0.924,0.8928,0.9094,0.8289
