Metric,Hits@1,Hits@3,Hits@10,Hits@100,MRR,mrr_hit1,mrr_hit3,mrr_hit10,mrr_hit100,AUC,AP,acc
cora_0shdk4u4_GAT,0.0,0.0152,0.0304,0.1103,0.0185,0.0,0.0152,0.0304,0.1103,0.4864,0.4906,0.5
cora_3aronnsd_GAT,0.0152,0.0152,0.0684,0.1217,0.0318,0.0152,0.0152,0.0684,0.1217,0.5189,0.5205,0.52281
Best,0.0152,0.0152,0.0684,0.1217,0.0318,0.0152,0.0152,0.0684,0.1217,0.5189,0.5205,0.52281
