Metric,Hits@1,Hits@3,Hits@10,Hits@100,MRR,mrr_hit1,mrr_hit3,mrr_hit10,mrr_hit100,AUC,AP,acc
cora_0hoa2z9q_GraphSage,0.0114,0.0114,0.0608,0.4221,0.0322,0.0114,0.0114,0.0608,0.4221,0.5419,0.5394,0.52471
cora_zaovs49p_GraphSage,0.0038,0.0342,0.0722,0.5247,0.0383,0.0038,0.0342,0.0722,0.5247,0.596,0.5893,0.56274
cora_skr66f5f_GraphSage,0.0038,0.019,0.057,0.5057,0.0301,0.0038,0.019,0.057,0.5057,0.5792,0.5636,0.54183
Best,0.0114,0.0342,0.0722,0.5247,0.0383,0.0114,0.0342,0.0722,0.5247,0.596,0.5893,0.56274
