Metric,Hits@1,Hits@3,Hits@10,Hits@100,MRR,mrr_hit1,mrr_hit3,mrr_hit10,mrr_hit100,AUC,AP,acc
cora_a0dtpf4p_vgae,0.038,0.3042,0.6122,0.8745,0.2338,0.038,0.3042,0.6122,0.8745,0.8806,0.8936,0.80418
Best,0.038,0.3042,0.6122,0.8745,0.2338,0.038,0.3042,0.6122,0.8745,0.8806,0.8936,0.80418
