Metric,Hits@1,Hits@3,Hits@10,Hits@100,MRR,mrr_hit1,mrr_hit3,mrr_hit10,mrr_hit100,AUC,AP,acc
cora_a0dtpf4p_vgae,0.038,0.3042,0.6122,0.8745,0.2338,0.038,0.3042,0.6122,0.8745,0.8806,0.8936,0.80418
cora_fq5no8o7_vgae,0.346,0.4068,0.6502,0.8935,0.425,0.346,0.4068,0.6502,0.8935,0.8881,0.912,0.79468
Best,0.346,0.4068,0.6502,0.8935,0.425,0.346,0.4068,0.6502,0.8935,0.8881,0.912,0.80418
