Metric,Hits@1,Hits@3,Hits@10,Hits@20,Hits@50,Hits@100,MRR,mrr_hit1,mrr_hit3,mrr_hit10,mrr_hit20,mrr_hit50,mrr_hit100,AUC,AP,ACC,out_channels,hidden_channels,epochs,train_time,test_time,params
pubmed_runqhz3j2g7_SAGE_Variant_hypert372toiq,1.53,11.96,23.67,43.73,86.78,95.15,10.3,1.53,11.96,23.67,43.73,86.78,95.15,98.91,98.53,93.99,256,256,1000,8.236639022827148,8.50754976272583,518912
pubmed_runj938civs_SAGE_Variant_hyperz7sovyq9,3.16,12.32,31.66,43.68,83.24,94.61,14.47,3.16,12.32,31.66,43.68,83.24,94.61,98.91,98.46,93.77,256,256,1000,7.983088970184326,8.285825490951538,518912
Best,3.16,12.32,31.66,43.73,86.78,95.15,14.47,3.16,12.32,31.66,43.73,86.78,95.15,98.91,98.53,93.99,256,256,1000,8.236639022827148,8.50754976272583,518912
