{"score": 0.5485108303249098, "_timestamp": 1709402088.1642942, "_runtime": 67.57382416725159, "_step": 0, "_wandb": {"runtime": 67}}