{"train/loss": 1.5444, "train/learning_rate": 6.666666666666667e-06, "train/epoch": 2.78, "train/global_step": 500, "_timestamp": 1705610070.1435156, "_runtime": 220.99440169334412, "_step": 2, "train/train_runtime": 126.7091, "train/train_samples_per_second": 51.267, "train/train_steps_per_second": 5.682, "train/total_flos": 1975072328663040.0, "train/train_loss": 1.3971817864312066, "_wandb": {"runtime": 240}}