name,num_nodes,num_edges,edge_density,degree_gini,approximate_diameter,num_triangles,avg_degree,coreness_eq_1,coreness_geq_2,coreness_geq_5,coreness_geq_10,coreness_gini,avg_cc,transitivity,cc_size,power_law_estimate
pwc_small,140.0,796.0,0.04090441932168551,0.41013998492043907,9.0,245.0,5.685714244842529,0.03571428571428571,0.9642857142857143,0.3142857142857143,0.0,0.2581374309754932,0.22288915657476122,0.21668632075471697,1.0,1.9867491194579625
cora,2708.0,10556.0,0.0014399999126942077,0.4051393857320956,inf,1630.0,3.8980798721313477,0.21122599704579026,0.7887740029542097,0.0,0.0,0.20518309946924523,0.24067329850193736,0.09349725626661058,0.9176514032496307,2.3914773148525077
pubmed,19717.0,88648.0,0.00022803908825811385,0.6037477312841656,inf,,4.496018886566162,0.47233351929806766,0.5276664807019323,0.13338743216513668,0.006948318709742862,0.3904279512373717,0.060175209437523615,0.0537076280274887,1.0,2.656579032979695
arxiv_2023,46198.0,77726.0,3.6419113489581066e-05,0.8207875898744171,inf,21119.0,1.6824537515640259,0.23520498722888436,0.19492185808909476,0.0498939348023724,0.009848911208277415,0.7474353773840745,0.05036601899431227,0.038152456873217166,0.28470929477466556,2.8973807128978044
pwc_medium,86795.0,933138.0,0.00012386866705696206,0.6188380700932069,inf,,10.751056671142578,0.15778558672734605,0.842214413272654,0.5021833054899476,0.19052940837605853,0.39830390110707464,0.12223889315109954,0.005146776669122604,1.0,1.8295125280377185
ogbn-arxiv,169343.0,2315598.0,8.074789913670332e-05,0.629486330322017,inf,,13.674010276794434,0.14023608888468966,0.8597639111153104,0.5155453724098428,0.2594320402969122,0.475535316262574,0.22612914062470954,0.01620149151351999,1.0,1.7267496417533534
pwc_large,281142.0,938580.0,1.1874665382027517e-05,0.8795218100053399,inf,,3.3384552001953125,0.06248088154740309,0.26112071479892723,0.15503553364491965,0.05882080941303683,0.8101610781503454,0.038375176477540955,0.005148770077241251,0.3087229940741689,2.6719989540416726
citationv8,1106759.0,12227452.0,9.982291192248535e-06,0.577538403947238,inf,,11.047980308532715,0.16224760765442162,0.8377523923455784,0.5278113844116018,0.2034724813622478,0.3985633914751258,0.12407687831845615,0.03429056130531015,0.9796387470081562,1.769106859988249
