name,num_nodes,num_edges,edge_density,degree_gini,avg_deg,avg_deg2,deg_heterogeneity,avg_shortest_path,approximate_diameter,num_triangles,avg_degree,coreness_eq_1,coreness_geq_2,coreness_geq_5,coreness_geq_10,coreness_gini,avg_cc,transitivity,cc_size,power_law_estimate
arxiv_2023_True,13153.0,68260.0,0.0003945932607124497,0.5821291074521155,44.37546321678302,26.329102942858274,0.4657402348675699,6.061666440524148,24.0,20592.0,5.189690589904785,0.38295445905876985,0.6170455409412301,0.17448490838591957,0.034592868547099524,0.4166853224147719,0.13144058653131216,0.037310814132642554,1.0,2.3664639325494785
arxiv_2023_False,46198.0,77726.0,3.6419113489581066e-05,0.8207875898744171,12.885072787094588,17.933077077271605,0.6989002194824443,inf,inf,21119.0,1.6824537515640259,0.23520498722888436,0.19492185808909476,0.0498939348023724,0.009848911208277415,0.7474353773840745,0.05036601899431227,0.038152456873217166,0.28470929477466556,2.8973807128978044
