name,num_nodes,num_edges,edge_density,degree_gini,avg_deg,avg_deg2,deg_heterogeneity,avg_shortest_path,approximate_diameter,avg_degree,coreness_eq_1,coreness_geq_2,coreness_geq_5,coreness_geq_10,coreness_gini,avg_cc,transitivity,cc_size,power_law_estimate
citationv8_False,1106759.0,12227452.0,9.982291192248535e-06,0.577538403947238,74.2842939040262,51.48585749521032,0.3639331753760767,inf,inf,11.047980308532715,0.16224760765442162,0.8377523923455784,0.5278113844116018,0.2034724813622478,0.3985633914751258,0.12407687831845615,0.03429056130531015,0.9796387470081562,1.769106859988249
