name,num_nodes,num_edges,edge_density,degree_gini,avg_deg,avg_deg2,deg_heterogeneity,avg_shortest_path,approximate_diameter,avg_degree,coreness_eq_1,coreness_geq_2,coreness_geq_5,coreness_geq_10,coreness_gini,avg_cc,transitivity,cc_size,power_law_estimate
citationv8_True,1084224.0,12198168.0,1.0376645452527433e-05,0.5723562705752355,75.79618731961122,52.52795696945896,0.35984518262295184,5.912,inf,11.250597953796387,0.14665511923735317,0.8533448807626468,0.5387447612301517,0.20770154506817778,0.3914314369975958,0.1254111272944138,0.03428320651792286,1.0,1.7547036111963323
