name,num_nodes,num_edges,edge_density,degree_gini,avg_deg,avg_deg2,deg_heterogeneity,avg_shortest_path,approximate_diameter,num_triangles,avg_degree,coreness_eq_1,coreness_geq_2,coreness_geq_5,coreness_geq_10,coreness_gini,avg_cc,transitivity,cc_size,power_law_estimate
name_True,2485.0,10138.0,0.0016423824752055001,0.39698470602949365,12.488121089416529,8.70596968445603,0.1221918528808415,6.310998681298742,19.0,1558.0,4.079678058624268,0.17464788732394365,0.8253521126760563,0.0,0.0,0.1911866882323951,0.23763551095541197,0.0900352512858051,1.0,2.31918093454252
name_False,2708.0,10556.0,0.0014399999126942077,0.4051393857320956,11.631817525694618,8.153742908724379,0.12746976918289785,inf,inf,1630.0,3.8980798721313477,0.21122599704579026,0.7887740029542097,0.0,0.0,0.20518309946924523,0.24067329850193736,0.09349725626661058,0.9176514032496307,2.3914773148525077
