Metric,Hits@1,Hits@3,Hits@10,Hits@20,Hits@50,Hits@100,MRR,mrr_hit1,mrr_hit3,mrr_hit10,mrr_hit20,mrr_hit50,mrr_hit100,AUC,AP,acc,base_lr,batch_size,out_channels,hidden_channels,heads,negative_slope,dropout,num_layers,epochs,train_time,test_time,params
arxiv_2023_runodfrxrtw_GAT,12.32,15.06,32.61,56.34,70.54,88.29,18.63,12.32,15.06,32.61,56.34,70.54,88.29,97.39,96.85,94.67,0.01,1024,32,32,4,0.1,0,5,10000,0.951225519180298,0.9829254150390624,9696
arxiv_2023_runnhnn5b7y_GAT,12.32,15.06,32.61,53.7,70.54,89.25,18.63,12.32,15.06,32.61,53.7,70.54,89.25,97.41,96.88,94.7,0.01,1024,32,32,4,0.1,0,6,10000,0.9740688800811768,1.0112733840942385,9696
arxiv_2023_runanp986p3_GAT,12.32,15.06,32.61,53.7,70.54,89.25,18.63,12.32,15.06,32.61,53.7,70.54,89.25,97.41,96.88,94.7,0.01,1024,32,32,4,0.1,0,7,10000,0.9197022914886475,0.9390804767608643,9696
Best,12.32,15.06,32.61,56.34,70.54,89.25,18.63,12.32,15.06,32.61,56.34,70.54,89.25,97.41,96.88,94.7,0.01,1024,32,32,4,0.1,0,7,10000,0.9740688800811768,1.0112733840942385,9696
