Metric,Hits@1,Hits@3,Hits@10,Hits@20,Hits@50,Hits@100,MRR,mrr_hit1,mrr_hit3,mrr_hit10,mrr_hit20,mrr_hit50,mrr_hit100,AUC,AP,acc,base_lr,batch_size,out_channels,hidden_channels,epochs,train_time,test_time,params
arxiv_2023_runr11murn4_GraphSage,4.36,26.93,47.26,61.76,80.53,91.68,29.65,4.36,26.93,47.26,61.71,81.9,91.94,97.69,97.77,85.29,0.015,1024,32,32,10000,0.9642107486724854,0.990441083908081,19264
arxiv_2023_runuiz3sjbn_GraphSage,4.36,26.93,48.73,66.89,81.74,91.89,29.65,4.36,26.93,48.73,66.89,83.06,91.94,97.81,97.9,85.29,0.015,1024,32,64,10000,0.873361349105835,0.9050860404968262,19264
arxiv_2023_runjvm5ichg_GraphSage,4.36,26.93,48.73,66.89,81.74,91.89,29.65,4.36,26.93,48.73,66.89,83.06,91.94,97.81,97.9,85.29,0.015,1024,32,128,10000,0.8223879337310791,0.8810563087463379,19264
Best,4.36,26.93,48.73,66.89,81.74,91.89,29.65,4.36,26.93,48.73,66.89,83.06,91.94,97.81,97.9,85.29,0.015,1024,32,128,10000,0.9642107486724854,0.990441083908081,19264
