Metric,Hits@1,Hits@3,Hits@10,Hits@20,Hits@50,Hits@100,MRR,mrr_hit1,mrr_hit3,mrr_hit10,mrr_hit20,mrr_hit50,mrr_hit100,AUC,AP,acc,base_lr,batch_size,out_channels,hidden_channels,epochs,train_time,test_time,params
arxiv_2023_runxcnc51iu_GAE,0.0,16.78,39.66,54.21,76.01,89.35,13.43,0.0,16.78,39.66,54.21,76.01,89.35,95.6,96.04,92.04,0.01,1024,32,32,10000,0.8808672428131104,0.9301426410675048,10688
arxiv_2023_run2n5fqbki_GAE,11.41,16.78,42.34,60.45,87.02,89.4,22.53,11.41,16.78,42.34,60.45,87.02,89.4,95.84,96.39,92.22,0.01,1024,32,64,10000,1.0456581115722656,1.079230785369873,21344
arxiv_2023_runvcu1ccfy_GAE,11.92,22.52,42.34,61.11,85.6,89.35,21.07,11.92,22.52,42.34,61.11,85.6,89.35,95.84,96.39,92.17,0.01,1024,32,128,10000,1.0285882949829102,1.0972099304199219,42656
Best,11.92,22.52,42.34,61.11,87.02,89.4,22.53,11.92,22.52,42.34,61.11,87.02,89.4,95.84,96.39,92.22,0.01,1024,32,128,10000,1.0456581115722656,1.0972099304199219,42656
