Metric,Hits@1,Hits@3,Hits@10,Hits@20,Hits@50,Hits@100,MRR,mrr_hit1,mrr_hit3,mrr_hit10,mrr_hit20,mrr_hit50,mrr_hit100,AUC,AP,ACC,out_channels,hidden_channels,batch_size,dropout,num_layers,negative_slope,base_lr,score_num_layers_predictor,score_gin_mlp_layer,score_hidden_channels,score_out_channels,score_num_layers,score_dropout,product,epochs,train_time,test_time,params
arxiv_2023_run2tukuhyo_GCN_Variant_hyperrjmpdtao,9.74,16.63,25.15,31.09,38.03,44.73,14.59,9.74,16.63,25.15,31.09,38.03,44.73,82.09,84.62,72.92,16,16,1024,0.1,1,0.1,0.015,1,2,64,1,1,0.1,inner,1000,3.3676912784576416,3.427114725112915,4816
Tune,9.38,17.14,23.33,31.9,44.27,53.65,15.09,9.38,17.14,23.33,31.9,44.27,53.65,86.36,87.33,75.94,16,16,1024,0.1,1,0.1,0.015,1,2,64,1,1,0.1,inner,2000,0.7730755805969238,0.7849018573760986,4816
Tune,9.38,17.14,31.44,42.19,48.53,55.68,15.09,9.38,17.14,31.44,42.19,48.53,55.68,86.36,87.33,76.88,16,16,1024,0.1,1,0.1,0.015,1,2,64,1,1,0.1,dot,2000,0.8065826892852783,0.8191311359405518,4833
Tune,9.38,17.14,31.44,42.19,48.53,55.68,15.09,9.38,17.14,31.44,42.19,48.53,55.68,86.36,87.33,76.88,16,16,1024,0.1,1,0.1,0.015,1,2,64,1,2,0.1,inner,2000,0.8458776473999023,0.8728153705596924,4816
Tune,14.35,25.61,64.3,77.84,89.15,93.26,32.22,14.35,25.61,64.3,77.84,89.15,93.26,98.69,98.63,94.45,16,16,1024,0.1,1,0.1,0.015,1,2,64,1,2,0.1,dot,2000,0.8919432163238525,0.9391846656799316,5969
Tune,14.35,25.61,64.3,77.84,89.15,93.26,32.22,14.35,25.61,64.3,77.84,89.15,93.26,98.69,98.63,94.45,16,16,1024,0.1,1,0.1,0.015,1,2,64,1,3,0.1,inner,2000,0.8505592346191406,0.8766095638275146,4816
Tune,3.35,25.61,64.3,77.84,89.15,93.26,32.22,3.35,25.61,64.3,77.84,89.15,93.26,98.69,98.63,94.45,16,16,1024,0.1,1,0.1,0.015,1,2,64,1,3,0.1,dot,2000,0.955458164215088,0.9939858913421632,10129
Tune,3.35,25.61,64.3,77.84,89.15,93.26,32.22,3.35,25.61,64.3,77.84,89.15,93.26,98.69,98.63,94.45,16,16,1024,0.1,1,0.1,0.015,1,2,32,1,1,0.1,inner,2000,0.6839773654937744,0.6956384181976318,4816
Best,14.35,25.61,64.3,77.84,89.15,93.26,32.22,14.35,25.61,64.3,77.84,89.15,93.26,98.69,98.63,94.45,16,16,1024,0.1,1,0.1,0.015,1,2,64,1,3,0.1,inner,2000,3.3676912784576416,3.427114725112915,10129
