Metric,Hits@1,Hits@3,Hits@10,Hits@20,Hits@50,Hits@100,MRR,mrr_hit1,mrr_hit3,mrr_hit10,mrr_hit20,mrr_hit50,mrr_hit100,AUC,AP,ACC,out_channels,hidden_channels,batch_size,dropout,num_layers,negative_slope,base_lr,score_num_layers_predictor,score_gin_mlp_layer,score_hidden_channels,score_out_channels,score_num_layers,score_dropout,product,epochs,train_time,test_time,params
arxiv_2023_runzrcere5c_GCN_Variant,22.97,26.83,64.05,82.15,90.37,94.07,33.66,22.97,26.83,64.05,82.15,90.37,94.07,98.55,98.64,94.57,32,64,1024,0.1,1,0.1,0.0089,3,2,64,1,3,0.1,inner,2000,6.784765720367432,6.812648057937622,9632
arxiv_2023_runzrcere5c_GCN_Variant,22.97,26.83,64.05,82.15,90.37,94.07,33.66,22.97,26.83,64.05,82.15,90.37,94.07,98.55,98.64,94.57,32,64,1024,0.1,1,0.1,0.0089,3,2,64,1,3,0.1,dot,2000,6.538939952850342,6.593285799026489,15969
arxiv_2023_runzrcere5c_GCN_Variant,22.97,26.83,64.05,82.15,90.37,94.07,33.66,22.97,26.83,64.05,82.15,90.37,94.07,98.55,98.64,94.57,32,64,1024,0.1,2,0.1,0.0089,3,2,64,1,3,0.1,inner,2000,11.519105434417725,11.625150203704834,21344
arxiv_2023_runzrcere5c_GCN_Variant,22.97,26.83,64.05,82.15,90.37,94.07,33.66,22.97,26.83,64.05,82.15,90.37,94.07,98.55,98.64,94.57,32,64,1024,0.1,2,0.1,0.0089,3,2,64,1,3,0.1,dot,2000,14.010049104690552,14.136599063873293,27681
arxiv_2023_runzrcere5c_GCN_Variant,22.97,26.83,64.05,82.15,90.37,94.07,33.66,22.97,26.83,64.05,82.15,90.37,94.07,98.55,98.64,94.57,32,64,1024,0.1,3,0.1,0.0089,3,2,64,1,3,0.1,inner,2000,16.992525100708008,17.104692459106445,25504
arxiv_2023_runzrcere5c_GCN_Variant,21.3,28.8,64.05,82.15,91.89,96.1,30.49,21.3,28.8,64.05,82.15,91.89,96.1,98.55,98.64,95.71,32,64,1024,0.1,3,0.1,0.0089,3,2,64,1,3,0.1,dot,2000,16.125648260116577,16.29448413848877,31841
Best,22.97,28.8,64.05,82.15,91.89,96.1,33.66,22.97,28.8,64.05,82.15,91.89,96.1,98.55,98.64,95.71,32,64,1024,0.1,3,0.1,0.0089,3,2,64,1,3,0.1,inner,2000,16.992525100708008,17.104692459106445,31841
