Metric,Hits@1,Hits@3,Hits@10,Hits@20,Hits@50,Hits@100,MRR,mrr_hit1,mrr_hit3,mrr_hit10,mrr_hit20,mrr_hit50,mrr_hit100,AUC,AP,ACC,out_channels,hidden_channels,batch_size,dropout,num_layers,negative_slope,base_lr,score_num_layers_predictor,score_gin_mlp_layer,score_hidden_channels,score_out_channels,score_num_layers,score_dropout,product,epochs,train_time,test_time,params
arxiv_2023_run2tukuhyo_GCN_Variant_hyperrjmpdtao,9.74,16.63,25.15,31.09,38.03,44.73,14.59,9.74,16.63,25.15,31.09,38.03,44.73,82.09,84.62,72.92,16,16,1024,0.1,1,0.1,0.015,1,2,64,1,1,0.1,inner,1000,3.3676912784576416,3.427114725112915,4816
Tune,9.38,17.14,23.33,31.9,44.27,53.65,15.09,9.38,17.14,23.33,31.9,44.27,53.65,86.36,87.33,75.94,16,16,1024,0.1,1,0.1,0.015,1,2,64,1,1,0.1,inner,2000,0.7730755805969238,0.7849018573760986,4816
Best,9.74,17.14,25.15,31.9,44.27,53.65,15.09,9.74,17.14,25.15,31.9,44.27,53.65,86.36,87.33,75.94,16,16,1024,0.1,1,0.1,0.015,1,2,64,1,1,0.1,inner,2000,3.3676912784576416,3.427114725112915,4816
