Metric,Hits@1,Hits@3,Hits@10,Hits@20,Hits@50,Hits@100,MRR,mrr_hit1,mrr_hit3,mrr_hit10,mrr_hit20,mrr_hit50,mrr_hit100,AUC,AP,ACC,out_channels,hidden_channels,num_layers,base_lr,mlp_layer,score_num_layers_predictor,score_gin_mlp_layer,score_hidden_channels,score_out_channels,score_num_layers,score_dropout,product,epochs,train_time,test_time,params
Tune,34.58,37.78,45.08,57.81,74.54,85.29,39.48,34.58,37.78,45.08,57.81,74.54,85.29,95.87,96.41,87.58,16,16,1,0.015,1,1,2,64,1,1,0.1,inner,2000,0.793095588684082,0.8308582305908203,4816
Tune,0.0,41.78,54.21,63.59,77.54,85.85,39.48,0.0,41.78,54.21,63.59,77.54,85.85,97.24,97.28,84.64,16,16,1,0.015,1,1,2,64,1,1,0.1,dot,2000,0.8979606628417969,0.9594099521636964,4833
Tune,0.0,41.78,54.21,63.59,77.54,85.85,39.48,0.0,41.78,54.21,63.59,77.54,85.85,97.24,97.28,84.64,16,16,1,0.015,1,1,2,64,1,2,0.1,inner,2000,0.845689058303833,0.9031007289886476,4816
Tune,0.0,41.78,54.21,63.59,77.54,85.85,39.48,0.0,41.78,54.21,63.59,77.54,85.85,97.24,97.28,94.65,16,16,1,0.015,1,1,2,64,1,2,0.1,dot,2000,1.1433894634246826,1.2000172138214111,5969
Tune,0.0,41.78,54.21,63.59,77.54,85.85,39.48,0.0,41.78,54.21,63.59,77.54,85.85,97.24,97.28,94.65,16,16,1,0.015,1,1,2,64,1,3,0.1,inner,2000,0.9722232818603516,1.0196950435638428,4816
Tune,0.0,41.78,54.21,63.59,77.54,85.85,39.48,0.0,41.78,54.21,63.59,77.54,85.85,97.24,97.28,94.65,16,16,1,0.015,1,1,2,64,1,3,0.1,dot,2000,0.8657612800598145,0.9007105827331543,10129
Tune,0.0,41.78,54.21,63.59,77.54,85.85,39.48,0.0,41.78,54.21,63.59,77.54,85.85,97.24,97.28,94.65,16,16,1,0.015,1,1,2,32,1,1,0.1,inner,2000,0.8876960277557373,0.9191679954528809,4816
Best,34.58,41.78,54.21,63.59,77.54,85.85,39.48,34.58,41.78,54.21,63.59,77.54,85.85,97.24,97.28,94.65,16,16,1,0.015,1,1,2,64,1,3,0.1,inner,2000,1.1433894634246826,1.2000172138214111,10129
