Metric,Hits@1,Hits@3,Hits@10,Hits@20,Hits@50,Hits@100,MRR,mrr_hit1,mrr_hit3,mrr_hit10,mrr_hit20,mrr_hit50,mrr_hit100,AUC,AP,acc,base_lr,batch_size,out_channels,hidden_channels,epochs,train_time,test_time,params
arxiv_2023_run5gut4ece_VGAE,13.29,24.7,40.77,64.3,86.76,90.47,23.66,13.29,24.7,40.77,64.3,86.76,90.47,97.41,97.41,91.68,0.015,1024,32,32,10000,1.1580865383148191,1.1838412284851074,11744
arxiv_2023_rungsppr139_VGAE,19.52,30.93,51.42,65.16,88.39,90.92,28.51,19.52,30.93,51.42,65.16,88.39,90.92,97.41,97.35,91.68,0.015,1024,32,64,10000,1.2034664154052734,1.2250936031341553,23424
arxiv_2023_runshz2t95s_VGAE,10.14,41.78,62.73,78.6,88.64,90.31,34.11,10.14,41.78,62.73,78.6,88.64,90.31,97.41,97.35,92.04,0.015,1024,32,128,10000,0.9858076572418213,1.051741600036621,46784
Best,19.52,41.78,62.73,78.6,88.64,90.92,34.11,19.52,41.78,62.73,78.6,88.64,90.92,97.41,97.41,92.04,0.015,1024,32,128,10000,1.2034664154052734,1.2250936031341553,46784
