Metric,CN_acc,AA_acc,RA_acc,pairwise_pred_acc
arxiv_2023_<built-in function id>_,0.5001273155212402,0.49898141622543335,0.5038197040557861,0.5064935088157654
Best,0.5001273155212402,0.49898141622543335,0.5038197040557861,0.5064935088157654
