Metric,Hits@1,Hits@3,Hits@10,Hits@20,Hits@50,Hits@100,MRR,mrr_hit1,mrr_hit3,mrr_hit10,mrr_hit20,mrr_hit50,mrr_hit100,AUC,AP,ACC,out_channels,hidden_channels,heads,negative_slope,dropout,num_layers,base_lr,score_num_layers_predictor,score_gin_mlp_layer,score_hidden_channels,score_out_channels,score_num_layers,score_dropout,product,epochs,train_time,test_time,params
arxiv_2023_runor0zt2xs_GAT_Variant,5.02,10.6,20.44,35.19,52.54,61.41,11.12,5.02,10.6,20.44,35.19,52.54,61.41,88.76,89.53,78.32,32,32,4,0.1,0,1,0.015,3,2,64,1,3,0.1,inner,2000,1.6818251609802246,1.7330074310302734,9696
arxiv_2023_runor0zt2xs_GAT_Variant,5.02,10.6,20.44,35.19,59.23,68.36,11.12,5.02,10.6,20.44,35.19,59.23,68.36,92.46,92.71,84.58,32,32,4,0.1,0,1,0.015,3,2,64,1,3,0.1,dot,2000,1.679043531417847,1.7296974658966064,16033
arxiv_2023_runor0zt2xs_GAT_Variant,5.02,17.09,43.97,61.87,73.63,85.7,11.12,5.02,17.09,43.97,61.87,73.63,85.7,96.85,97.01,84.58,32,32,4,0.1,0,2,0.015,3,2,64,1,3,0.1,inner,2000,1.1046230792999268,1.1656641960144043,10816
arxiv_2023_runor0zt2xs_GAT_Variant,5.02,54.31,76.37,86.76,96.75,98.07,43.07,5.02,54.31,76.37,86.76,96.75,98.07,99.23,99.25,96.91,32,32,4,0.1,0,2,0.015,3,2,64,1,3,0.1,dot,2000,2.115696430206299,2.184046506881714,17153
arxiv_2023_runor0zt2xs_GAT_Variant,2.03,11.36,76.37,78.9,96.75,98.07,14.5,2.03,11.36,76.37,78.9,96.75,98.07,99.23,99.25,96.91,32,32,4,0.1,0,3,0.015,3,2,64,1,3,0.1,inner,2000,2.1638011932373047,2.227069616317749,11936
arxiv_2023_runor0zt2xs_GAT_Variant,25.35,51.57,80.53,89.45,97.36,98.07,39.33,25.35,51.57,80.53,89.45,97.36,98.07,99.23,99.25,97.49,32,32,4,0.1,0,3,0.015,3,2,64,1,3,0.1,dot,2000,2.19840931892395,2.261016368865967,18273
arxiv_2023_runzsfxmxe2_GAT_Variant,4.26,9.48,20.89,33.77,52.48,61.87,10.38,4.26,9.48,20.89,33.77,52.48,61.87,89.2,89.83,79.64,32,32,4,0.1,0,1,0.015,3,2,64,1,3,0.1,inner,2000,12.683671951293944,12.775201559066772,9696
arxiv_2023_runzsfxmxe2_GAT_Variant,4.26,9.48,20.89,33.77,58.67,68.41,10.38,4.26,9.48,20.89,33.77,58.67,68.41,91.97,92.1,84.05,32,32,4,0.1,0,1,0.015,3,2,64,1,3,0.1,dot,2000,13.179863691329956,13.263183116912842,16033
Best,25.35,54.31,80.53,89.45,97.36,98.07,43.07,25.35,54.31,80.53,89.45,97.36,98.07,99.23,99.25,97.49,32,32,4,0.1,0,3,0.015,3,2,64,1,3,0.1,inner,2000,13.179863691329956,13.263183116912842,18273
