Metric,Hits@1,Hits@3,Hits@10,Hits@20,Hits@50,Hits@100,MRR,mrr_hit1,mrr_hit3,mrr_hit10,mrr_hit20,mrr_hit50,mrr_hit100,AUC,AP,ACC,out_channels,hidden_channels,num_layers,base_lr,mlp_layer,score_num_layers_predictor,score_gin_mlp_layer,score_hidden_channels,score_out_channels,score_num_layers,score_dropout,product,epochs,train_time,test_time,params
pubmed_rune9bjmehv_GIN_Variant,4.31,33.19,75.38,85.97,95.87,98.33,25.32,4.31,33.19,75.38,85.97,95.87,98.33,99.56,99.58,96.79,64,64,1,0.0089,3,3,2,64,1,3,0.1,dot,2000,12.137933254241943,12.42123007774353,48769
pubmed_rune9bjmehv_GIN_Variant,4.31,33.19,75.38,85.97,95.87,98.33,25.32,4.31,33.19,75.38,85.97,95.87,98.33,99.56,99.58,96.79,64,64,2,0.0089,1,3,2,64,1,3,0.1,inner,2000,13.128088474273682,13.283867359161375,36224
pubmed_rune9bjmehv_GIN_Variant,34.57,46.71,75.38,85.97,95.87,98.33,47.31,34.57,46.71,75.38,85.97,95.87,98.33,99.56,99.58,96.79,64,64,2,0.0089,1,3,2,64,1,3,0.1,dot,2000,14.979198932647703,15.179687023162842,44609
pubmed_rune9bjmehv_GIN_Variant,34.57,46.71,75.38,85.97,95.87,98.33,47.31,34.57,46.71,75.38,85.97,95.87,98.33,99.56,99.58,96.79,64,64,2,0.0089,2,3,2,64,1,3,0.1,inner,2000,14.530301332473757,14.719277620315552,44544
pubmed_rune9bjmehv_GIN_Variant,34.57,46.71,75.38,85.97,95.87,98.33,47.31,34.57,46.71,75.38,85.97,95.87,98.33,99.56,99.58,97.32,64,64,2,0.0089,2,3,2,64,1,3,0.1,dot,2000,16.061082363128662,16.295442819595337,52929
Best,34.57,46.71,75.38,85.97,95.87,98.33,47.31,34.57,46.71,75.38,85.97,95.87,98.33,99.56,99.58,97.32,64,64,2,0.0089,3,3,2,64,1,3,0.1,inner,2000,16.061082363128662,16.295442819595337,52929
