Metric,Hits@1,Hits@3,Hits@10,Hits@20,Hits@50,Hits@100,MRR,mrr_hit1,mrr_hit3,mrr_hit10,mrr_hit20,mrr_hit50,mrr_hit100,AUC,AP,ACC,out_channels,hidden_channels,base_lr,score_num_layers_predictor,score_gin_mlp_layer,score_hidden_channels,score_out_channels,score_num_layers,score_dropout,product,epochs,train_time,test_time,params
pubmed_run8f4c9suq_SAGE_Variant,5.19,36.26,83.15,92.42,96.46,98.26,27.77,5.19,36.26,83.15,92.42,96.46,98.26,99.71,99.61,98.12,128,128,0.0089,3,2,64,1,3,0.1,inner,2000,27.51637887954712,27.82142758369445,193920
pubmed_run8f4c9suq_SAGE_Variant,5.19,39.76,83.15,91.72,96.34,98.24,31.3,5.19,39.76,83.15,91.72,96.34,98.24,99.71,99.63,98.12,128,128,0.0089,3,2,64,1,3,0.1,dot,2000,28.21278142929077,28.629430294036865,206401
pubmed_run8f4c9suq_SAGE_Variant,5.19,39.76,83.15,91.72,96.34,98.24,31.3,5.19,39.76,83.15,91.72,96.34,98.24,99.71,99.63,98.12,128,256,0.0089,3,2,64,1,3,0.1,inner,2000,35.23853158950806,35.458802461624146,453248
Best,5.19,39.76,83.15,92.42,96.46,98.26,31.3,5.19,39.76,83.15,92.42,96.46,98.26,99.71,99.63,98.12,128,256,0.0089,3,2,64,1,3,0.1,inner,2000,35.23853158950806,35.458802461624146,453248
