Metric,Hits@1,Hits@3,Hits@10,Hits@20,Hits@50,Hits@100,MRR,mrr_hit1,mrr_hit3,mrr_hit10,mrr_hit20,mrr_hit50,mrr_hit100,AUC,AP,ACC,out_channels,hidden_channels,batch_size,dropout,num_layers,negative_slope,base_lr,score_num_layers_predictor,score_gin_mlp_layer,score_hidden_channels,score_out_channels,score_num_layers,score_dropout,product,epochs,train_time,test_time,params
Tune,1.74,22.72,36.91,53.02,76.51,90.43,13.51,1.74,22.72,36.91,53.02,76.51,90.43,98.95,98.72,78.4,16,16,1024,0.1,1,0.1,0.015,1,2,64,1,1,0.1,inner,2000,0.947734832763672,1.0573999881744385,8016
Tune,1.74,23.89,30.82,42.58,76.51,91.18,13.51,1.74,20.24,30.82,42.58,76.51,91.18,98.95,98.72,96.23,16,16,1024,0.1,1,0.1,0.015,1,2,64,1,1,0.1,dot,2000,1.0129613876342771,1.082737684249878,8033
Tune,2.59,23.89,30.82,42.58,76.51,91.18,15.48,2.59,20.24,30.82,42.58,76.51,91.18,98.96,98.72,96.23,16,16,1024,0.1,1,0.1,0.015,1,2,64,1,2,0.1,inner,2000,1.0502915382385254,1.130458116531372,8016
Tune,1.13,15.43,25.47,46.05,80.53,94.49,12.46,1.13,15.43,25.47,46.05,80.53,94.49,99.01,98.65,97.07,16,16,1024,0.1,1,0.1,0.015,1,2,64,1,2,0.1,dot,2000,1.0668747425079346,1.1220760345458984,9169
Tune,1.13,15.43,25.47,46.05,80.53,94.49,12.46,1.13,15.43,25.47,46.05,80.53,94.49,99.01,98.65,97.07,16,16,1024,0.1,1,0.1,0.015,1,2,64,1,3,0.1,inner,2000,0.9393963813781738,1.0419692993164062,8016
Best,2.59,23.89,36.91,53.02,80.53,94.49,15.48,2.59,22.72,36.91,53.02,80.53,94.49,99.01,98.72,97.07,16,16,1024,0.1,1,0.1,0.015,1,2,64,1,3,0.1,inner,2000,1.0668747425079346,1.130458116531372,9169
