Metric,Hits@1,Hits@3,Hits@10,Hits@20,Hits@50,Hits@100,MRR,mrr_hit1,mrr_hit3,mrr_hit10,mrr_hit20,mrr_hit50,mrr_hit100,AUC,AP,ACC,out_channels,hidden_channels,base_lr,score_num_layers_predictor,score_gin_mlp_layer,score_hidden_channels,score_out_channels,score_num_layers,score_dropout,product,epochs,train_time,test_time,params
Tune,4.31,7.38,21.05,32.54,55.48,72.2,8.83,4.31,7.38,21.05,32.54,55.48,72.2,97.15,96.78,83.56,16,16,0.015,1,2,64,1,1,0.1,inner,2000,1.1930348873138428,1.2254045009613037,17072
Tune,18.77,26.85,35.18,55.26,88.02,96.41,28.54,18.77,26.85,35.18,55.26,88.02,96.41,99.21,99.32,96.81,16,16,0.015,1,2,64,1,1,0.1,dot,2000,1.2825474739074707,1.371842622756958,17089
Tune,18.77,26.85,35.18,55.26,88.02,96.41,28.54,18.77,26.85,35.18,55.26,88.02,96.41,99.21,99.32,96.81,16,16,0.015,1,2,64,1,2,0.1,inner,2000,1.2200472354888916,1.3292417526245115,17072
Tune,18.77,26.85,35.18,55.26,88.02,96.41,28.54,18.77,26.85,35.18,55.26,88.02,96.41,99.32,99.32,96.95,16,16,0.015,1,2,64,1,2,0.1,dot,2000,1.3003692626953125,1.4144396781921387,18225
Best,18.77,26.85,35.18,55.26,88.02,96.41,28.54,18.77,26.85,35.18,55.26,88.02,96.41,99.32,99.32,96.95,16,16,0.015,1,2,64,1,2,0.1,inner,2000,1.3003692626953125,1.4144396781921387,18225
