Metric,Hits@1,Hits@3,Hits@10,Hits@20,Hits@50,Hits@100,MRR,mrr_hit1,mrr_hit3,mrr_hit10,mrr_hit20,mrr_hit50,mrr_hit100,AUC,AP,ACC,out_channels,hidden_channels,heads,negative_slope,dropout,num_layers,base_lr,score_num_layers_predictor,score_gin_mlp_layer,score_hidden_channels,score_out_channels,score_num_layers,score_dropout,product,epochs,train_time,test_time,params
arxiv_2023_runzsfxmxe2_GAT_Variant,4.26,35.85,76.12,88.84,97.62,98.38,36.33,4.26,35.85,76.12,88.84,97.62,98.38,99.08,99.05,97.57,32,32,4,0.1,0,2,0.015,3,2,64,1,3,0.1,dot,2000,19.27968978881836,19.454714059829712,17153
arxiv_2023_runzsfxmxe2_GAT_Variant,4.61,35.85,76.12,88.84,97.62,98.38,21.2,4.61,35.85,76.12,88.84,97.62,98.38,99.08,99.05,97.57,32,32,4,0.1,0,3,0.015,3,2,64,1,3,0.1,inner,2000,28.83442568778992,29.06231117248535,11936
arxiv_2023_runzsfxmxe2_GAT_Variant,4.61,35.85,76.12,88.84,97.62,98.38,21.2,4.61,35.85,76.12,88.84,97.62,98.38,99.08,99.05,97.57,32,32,4,0.1,0,3,0.015,3,2,64,1,3,0.1,dot,2000,30.646475553512573,31.13432288169861,18273
Best,4.61,35.85,76.12,88.84,97.62,98.38,36.33,4.61,35.85,76.12,88.84,97.62,98.38,99.08,99.05,97.57,32,32,4,0.1,0,3,0.015,3,2,64,1,3,0.1,inner,2000,30.646475553512573,31.13432288169861,18273
